{
  "Task": "Convert a given source image into a clean, aesthetic 'Coloring Book' lineart format.",
  "constraints": {
    "preserve_subject_integrity": true,
    "maintain_original_aspect_ratio": true,
    "clean_lineart_edges": true,
    "no_numbers_or_labels": true,
    "no_grayscale_shading": true,
    "high_aesthetic_quality": true,
    "all_regions_enclosed_for_coloring": true
  },
  "parameters": {
    "complexity": {
      "type": "string",
      "options": ["simple", "detailed", "intricate"],
      "description": "Determines the density of lines and details in the output lineart."
    }
  },
  "steps": [
    {
      "step_id": 1,
      "name": "Lineart Generation",
      "instructions": "Analyze the input image. Generate a high-resolution, black-and-white line art version suitable for use as a coloring page. The lines should be crisp and dark against a pure white background. Do NOT generate any numbers, letters, or legend. The complexity of the line work should match the requested detail level. Ensure the main subject is clearly distinguishable."
    }
  ],
  "Deliverables": {
    "lineart_image": {
      "filename_pattern": "coloring_book_lineart_{timestamp}.jpeg",
      "format": "image/jpeg"
    }
  }
}